{
    "accuracy": 0.9858226837060703,
    "non_zero_mask_percentage": 0.22232474400810173,
    "loss": 0.1639202005399492
}