{
    "accuracy": 0.979832268370607,
    "non_zero_mask_percentage": 0.331191628220997,
    "loss": 0.3518640931945639
}