{
    "accuracy": 0.9672523961661342,
    "non_zero_mask_percentage": 1.0,
    "loss": 0.5423075666252416
}