{
    "accuracy": 0.9812300319488818,
    "non_zero_mask_percentage": 0.06624282660065263,
    "loss": 0.11397994592631111
}