{
    "accuracy": 0.9839257188498403,
    "non_zero_mask_percentage": 0.3406248827875923,
    "loss": 0.2813498126908232
}