{
    "accuracy": 0.7414137380191693,
    "non_zero_mask_percentage": 0.589942908750766,
    "loss": 0.8431174192375268
}