{
    "accuracy": 0.7450079872204473,
    "non_zero_mask_percentage": 0.6001999806470341,
    "loss": 0.8435854921325708
}