{
    "accuracy": 0.8611222044728435,
    "non_zero_mask_percentage": 0.32644594031979496,
    "loss": 0.5943444455964878
}