{
    "accuracy": 0.8684105431309904,
    "non_zero_mask_percentage": 0.32670934445758953,
    "loss": 0.5826496668040942
}