{
    "accuracy": 0.6958865814696485,
    "non_zero_mask_percentage": 1.0,
    "loss": 1.3694602784257346
}