{
    "accuracy": 0.9814297124600639,
    "loss": 0.44013131588411786
}