{
    "accuracy": 0.9915135782747604,
    "non_zero_mask_percentage": 0.18171791293386755,
    "loss": 0.05694471224666404
}