{
    "accuracy": 0.9920127795527156,
    "non_zero_mask_percentage": 0.19862242830774776,
    "loss": 0.06022257765475363
}