{
    "accuracy": 0.9785343450479234,
    "loss": 0.40610226312765296
}