{
    "accuracy": 0.9737420127795527,
    "loss": 2.0680953058571863
}