{
    "accuracy": 0.9915135782747604,
    "non_zero_mask_percentage": 0.6131094404177734,
    "loss": 0.06969264228990042
}