{
    "accuracy": 0.9932108626198083,
    "non_zero_mask_percentage": 0.700918381128168,
    "loss": 0.09071519494785878
}