{
    "accuracy": 0.9828274760383386,
    "loss": 0.4440279971486844
}